{
    "loss": 7.559696197509766,
    "accuracy": 0.5686274766921997
}