{
    "loss": 24.821393966674805,
    "accuracy": 0.5686274766921997
}