{
    "loss": 8.310796737670898,
    "accuracy": 0.44117647409439087
}